instruction,input,response,,,,,,,,,,,,
- 자율주행차 ,, 운전자 또는 승객의 조작 없이 스스로 운행 가능한 자동차를 의미한다.,,,,,,,,,,,,
- 자율주행차,," 운전자의 조작 없이 스스로 운행 가능한 자동차로, 주행 환경을 인식하고 인공지능 소프트웨어로 경로를 판단하여 자율적으로 주행함.",,,,,,,,,,,,
- 인공지능 소프트웨어,," 자율주행의 핵심기술로, 정보를 기반으로 교통 상황을 판단하고 최적 경로를 계산하는 기술.",,,,,,,,,,,,
- 3차원 공간 인식 기술,, 여러 카메라에서 수집된 영상 데이터를 기반으로 실시간으로 3차원 공간을 생성하는 기술.,,,,,,,,,,,,
- 자율주행 플랫폼 ,, 자율주행 차량을 운영하기 위한 기술적 구조와 소프트웨어를 제공하는 시스템.,,,,,,,,,,,,
- 자율주행 플랫폼,, 자율주행차량을 운영하기 위한 소프트웨어 및 하드웨어 시스템을 통칭.,,,,,,,,,,,,
- 자율주행 서비스,, 자율주행차가 운전자의 개입 없이 운영되는 서비스 형태.,,,,,,,,,,,,
- 자율주행 ,," 특정 조건 하에서 차량이 스스로 주행하는 기술로, 레벨 4 이상의 자율주행 기술이 주목받고 있다.",,,,,,,,,,,,
- 자율 주행 자동차,," 자동차가 스스로 주행을 할 수 있도록 하는 기술로, 센서 및 소프트웨어를 결합하여 환경을 인식하고 판단하는 시스템.",,,,,,,,,,,,
- 자율 주행 자동차 ,, 운전자의 개입 없이 차량이 스스로 주행할 수 있도록 하는 기술.,,,,,,,,,,,,
- 자율 주행 기술 ,, 차량이 인간의 개입 없이 스스로 주행할 수 있는 기술.,,,,,,,,,,,,
- 자율 주행 기술,, 차량이 인간의 개입 없이 스스로 주행할 수 있는 기술.,,,,,,,,,,,,
- 자율주행차,, 운전자의 개입 없이 자동으로 주행할 수 있는 차량.,,,,,,,,,,,,
- 자율주행기술,," 차량이 인간의 개입 없이 스스로 주행할 수 있는 기술로, 다양한 센서 및 소프트웨어를 이용하여 주변 환경을 인식하고 판단한다.",,,,,,,,,,,,
- 클라이언트 시스템,, 실시간 및 신뢰성 요구사항 만족을 위한 알고리즘 통합 시스템.,,,,,,,,,,,,
- 센서 융합,, 여러 개의 저렴한 센서를 사용하여 검출 결과를 신뢰성을 높이고 경제성을 확보하는 기술.,,,,,,,,,,,,
- GNSS (Global Navigation Satellite System) ,," 위치 추정을 위해 위성 신호를 활용하는 시스템으로, GPS, GLONASS, Galileo, BeiDou 등이 포함된다.",,,,,,,,,,,,
- 위치 추정(Location Estimation),, 위치를 특정 지리적 좌표계에 따라 정밀하게 알아내는 기술.,,,,,,,,,,,,
- RTK GNSS,, 실시간 키네마틱(Global Navigation Satellite System)은 지상국과 이동국 간의 GNSS 신호를 사용하여 높은 정확도의 위치 정보를 제공하는 기술이다.,,,,,,,,,,,,
- RTK (Real-Time Kinematic) ,," 위성의 시계 오차, 궤도 오차, 이온층 및 대류층 지연 오차를 줄여 측위 정확성을 높이는 기술.",,,,,,,,,,,,
- RTK GNSS ,," 실시간 동적 측위(Real-Time Kinematic Global Navigation Satellite System)는 자동차의 위치를 높은 정확도로 판단하기 위한 기술로, 모호성 추정 기법과 차분 보정을 통합한다.",,,,,,,,,,,,
- 위치 추정,," 물체의 특정 위치를 판단하는 과정으로, 자율 주행 차량에서 필수적인 기술이다.",,,,,,,,,,,,
- 자이로스코프 (Gyroscope),," 회전 가속도를 측정하는 센서로, 자율 주행 자동차의 3차원 공간에서의 움직임을 정밀하게 측정하는 데 사용된다.",,,,,,,,,,,,
- 라이다 (LiDAR),," 'Light Detection And Ranging'의 약자로, 목표물에 펄스 레이저를 쏘아 반사된 시간을 측정하여 거리 및 3차원 모델을 생성하는 기술.",,,,,,,,,,,,
- 라이다 (LiDAR) ,, 레이저 광선을 이용하여 물체의 거리와 높이를 측정하고 3차원 지도를 생성하는 기술.,,,,,,,,,,,,
- GNSS/INS,, 글로벌 내비게이션 위성 시스템(GNSS)와 관성 내비게이션 시스템(INS)의 융합을 통해 위치 정보를 제공하는 기술.,,,,,,,,,,,,
- 자율 주행 ,, 도로에서 자동으로 차량을 운전하도록 설계된 기술.,,,,,,,,,,,,
- 포인트 클라우드,," 3차원 공간의 점들로 구성된 데이터 집합으로, 물체의 정확한 위치 정보를 제공하는 기술.",,,,,,,,,,,,
- 칼만 필터 (Kalman filter),," 선형 가우시안 상태 공간 모델에 대한 최적해를 구하는 필터로, 상태 추정에 널리 사용된다.",,,,,,,,,,,,
- 가우시안 혼합(Gaussian mixture) ,, 데이터의 분포를 여러 개의 가우시안 분포의 조합으로 모델링하는 통계적 방법.,,,,,,,,,,,,
- 모션 추정 (motion estimation),, 비디오에서 두 이미지 간의 상대적인 움직임을 계산하여 자동차의 현재 자세를 구하는 과정.,,,,,,,,,,,,
- 비주얼 오도메트리,, 카메라의 이미지를 활용하여 로봇이나 차량의 위치와 움직임을 추정하는 기술.,,,,,,,,,,,,
- 모노큘러 타입,," 단일 카메라로 3차원 정보를 재구성하는 기술로, 여러 프레임의 정보가 필요한 접근법이다.",,,,,,,,,,,,
- GPS 모듈,, 차량의 기본 위치 추정을 위해 사용되는 위성 기반 위치 정보 시스템.,,,,,,,,,,,,
- 6차원 강체 변환,," 물체의 위치와 자세를 포함한 변환을 나타내는 수학적 모델로, 자율 주행 차량의 위치 추정에 활용된다.",,,,,,,,,,,,
- 인지 소프트웨어,," 자율 주행차가 주변 환경을 이해하고 해석하기 위해 필요한 소프트웨어 기술로, 하드웨어 센서에서 발생한 데이터를 처리하여 차량 주변의 사물을 인식하는 기능을 수행한다.",,,,,,,,,,,,
- 크라우드 소싱 (crowd-sourcing) ,," 대중을 통해 데이터나 정보를 수집하는 방법으로, 자율 주행 기술 개발에 필요한 데이터 세트를 확보하는 방식의 하나이다.",,,,,,,,,,,,
"- 객체 추적 및 분할(MOTS, Multi-Object Tracking and Segmentation)",, 다중 객체를 인식하고 각각의 객체를 픽셀 단위로 분할하는 기술.,,,,,,,,,,,,
- 객체 탐지 ,," 자율 주행차가 도로에서 자동차, 보행자, 장애물 등을 빠르고 정확하게 인식하는 기술.",,,,,,,,,,,,
- 객체 탐지,," 주어진 이미지나 비디오에서 특정 객체를 찾아내는 기술로, 인공지능 및 컴퓨터 비전 분야에서 중요하게 다루어짐.",,,,,,,,,,,,
- 특징 추출,, 이미지에서 불필요하거나 관련 없는 정보를 제거하고 분류와 관련된 정보만을 유지하는 과정이다.,,,,,,,,,,,,
- HOG (Histogram of Oriented Gradients),," 이미지 처리에서 객체 탐지를 위한 특징 추출 방법으로, 이미지의 gradient 방향과 크기를 기반으로 객체의 형태를 분석하는 기술이다.",,,,,,,,,,,,
- SIFT (Scale-Invariant Feature Transform),," 이미지를 회전, 이동, 스케일, 조명 등의 변동에도 불구하고 변하지 않는 국부 특징으로 나타내는 기술.",,,,,,,,,,,,
- 랜덤 포레스트,," 데이터 무작위 선택과 특징 서브셋을 통해 자동 생성되는 다중 결정 트리의 집합으로, 분류 결과는 다수결로 결정된다.",,,,,,,,,,,,
"- 다층 퍼셉트론 (MLP, Multi-Layer Perceptron)",," 입력, 은닉, 출력의 세 개 이상의 층으로 구성된 인공지능 네트워크의 일종으로 비선형 분류에 사용된다.",,,,,,,,,,,,
- 의미 분할,, 이미지에서 각 픽셀 또는 슈퍼 픽셀에 대해 의미 있는 라벨을 할당하는 기술.,,,,,,,,,,,,
- 자율 주행 차량,, 주행 환경을 인식하고 자율적으로 주행할 수 있도록 설계된 차량.,,,,,,,,,,,,
- 옵티컬 플로우,," 두 이미지 사이의 강도에 대한 2차원 움직임을 정의하며, 외관이 변하지 않는 조건 하에서 물리적 세계의 3차원 움직임과 관련이 있다.",,,,,,,,,,,,
- 객체 상태 ,," 객체의 현재 상태를 나타내며, 관측 모델을 통해 특정 상황에서의 분포를 계산하는 데 사용된다.",,,,,,,,,,,,
- 인지,," 자율주행에서 환경을 이해하고 판단하기 위해 필수적인 요소로, 컴퓨터 비전 기술에 크게 의존함.",,,,,,,,,,,,
- 매핑 및 위치 추정 (Map and Localization),, 자율 주행차의 위치 정보를 원본 센서 데이터를 통해 변환하여 지도에 반영하는 기술.,,,,,,,,,,,,
- 경로 계획,, 출발지에서 목적지까지의 일련의 차로를 정확하게 따라가는 과정.,,,,,,,,,,,,
- 모션 계획 모듈,," 물체의 위치, 방향, 속도, 가속도 등을 고려해 궤적을 계산하는 시스템 모듈.",,,,,,,,,,,,
- 트래픽 예측 모듈 ,, 현재 감지된 객체의 가까운 미래의 동작을 예측하는 시스템 구성 요소.,,,,,,,,,,,,
- 동작 예측,," 객체의 동작을 미리 예측하는 기술로, 다양한 유형의 객체에 따라 방법이 달라진다.",,,,,,,,,,,,
- 자율주행 기술,," 자동차가 스스로 주행할 수 있도록 하는 기술로, 다양한 센서와 알고리즘을 사용하여 길찾기, 장애물 회피, 주행 경로 예측 등을 수행한다.",,,,,,,,,,,,
- 자동차 동작 예측 ,, 자동차의 경로를 예측하고 이를 그래픽적으로 표현하는 기술.,,,,,,,,,,,,
- 타임 윈도우,, 인지 모듈이 객체를 추적하는 데 허용된 최대 시간의 개념.,,,,,,,,,,,,
- HD 지도,," 고정밀 지도를 뜻하며, 자율 주행차의 경로 계획과 위치 추적에 사용되는 지도 유형이다.",,,,,,,,,,,,
- 다익스트라 알고리즘,," 그래프에서 두 노드 간의 최단 경로를 계산하는 알고리즘으로, 단일 소스에서 모든 정점까지의 최단 경로를 찾는 데 사용된다.",,,,,,,,,,,,
- A* 알고리즘 ,," 자율 주행차의 경로 계획에 사용되는 휴리스틱 기반 탐색 알고리즘으로, 최소 비용 경로를 찾기 위해 특정 속성을 만족하는 비용 추정치를 활용한다.",,,,,,,,,,,,
- D* 알고리즘,, 비용 지도와 이전에 계산된 비용 지도를 부분적으로 복구하는 정보 증분 검색 알고리즘.,,,,,,,,,,,,
- RRT (Rapidly-exploring Random Tree) ,," RRT는 모든 영역에서 확장되며, 각 노드에 할당된 가중치를 기반으로 시작에서 목표까지의 경로를 생성하는 동적 알고리즘이다.",,,,,,,,,,,,
- RRT 알고리즘,," 비홀로노믹 제약을 다룰 수 있는 경로 계획 알고리즘으로, 휠 시스템에 적용할 수 있다.",,,,,,,,,,,,
- 유전 알고리즘 (GA) ,, 정적 분야에서 경로 계획 문제를 효율적으로 해결하기 위해 사용되는 병렬 검색 방법.,,,,,,,,,,,,
"- 개미 집단 알고리즘 (Ant Colony Optimization, ACO) ",, 자연에서 개미들이 먹이를 찾으며 사용하는 방법을 모방하여 최적 경로를 찾는 알고리즘.,,,,,,,,,,,,
- 경로 계획 모듈,," 자율 주행 자동차의 주행 경로를 결정하는 시스템으로, 도로 그래프를 기반으로 최적의 경로를 찾는다.",,,,,,,,,,,,
- 예측 및 경로 계획 모듈,, 모션 계획의 입력 값을 생성하고 자율 주행 자동차의 경로를 계획하기 위한 프레임워크의 일부.,,,,,,,,,,,,
- 동작 결정,, 자율 주행차가 도로 규칙과 운전 관행에 따라 다른 교통 참여자들과 상호작용하면서 경로를 운행하는 과정.,,,,,,,,,,,,
- MDP (Markov Decision Process),," 상태, 동작, 보상, 감쇠 요소로 구성되어 의사결정 문제를 모델링하는 수학적 프레임워크.",,,,,,,,,,,,
- 부분적으로 관측가능한 MDP (POMDP),, 현재 상태를 직접 관측하지 못하고 관측 모델을 통해 상태에 대한 힌트를 제공하는 마르코프 의사결정 과정.,,,,,,,,,,,,
- 모션 계획 문제,, 로봇이나 자율 주행차가 주어진 환경 내에서 이동 경로를 결정하는 과정.,,,,,,,,,,,,
- 격자 궤적 계획 ,," 상태 격자에서 궤적을 계획하고 최적화하는 방법으로, 반복 최적화를 통해 계획 시간을 단축하고 품질을 향상시킴.",,,,,,,,,,,,
- RRT 방법,, 상태 공간의 무작위 샘플을 사용하여 자동차의 현재 상태에서 검색 트리를 점진적으로 구축하는 경로 계획 기술.,,,,,,,,,,,,
- 클로토이드 곡선,," 곡률이 선형적으로 변화하는 곡선으로, 곡선을 부드럽게 전환할 수 있도록 설계된 트랙을 정의하는 데 사용된다.",,,,,,,,,,,,
- 궤적 제어 매개변수 ,," 곡률 프로파일을 정의하는 데이터로서, 궤적 길이와 여러 매듭점을 포함하는 자율주행 자동차의 주행 경로 제어에 사용되는 요소.",,,,,,,,,,,,
- 자율 주행차 ,, 주행 중 주변 환경을 인식하고 스스로 주행 경로를 결정하여 운전하는 차량.,,,,,,,,,,,,
- PID 제어,," PID 제어는 비례, 적분, 미분의 세 가지 제어 항을 사용하여 최적 제어를 수행하는 방법이다.",,,,,,,,,,,,
- 자율주행차 ,, 사람의 개입 없이 스스로 주행할 수 있는 차량.,,,,,,,,,,,,
- 경로 추적 기법,," 자동차의 모션 모델에 의해 발생하는 부정확성을 줄이기 위한 기술로, 주 행 모션 계획의 실행을 안정화하는 방법.",,,,,,,,,,,,
- 자율주행 자동차 계획 및 제어 ,," 자율주행 자동차의 운전과 관련된 결정, 계획, 제어 과정의 전반적인 구조와 기능을 포함하는 시스템.",,,,,,,,,,,,
- V2X(Vehicle to Everything),, 차량과 다른 모든 객체 간의 외부 통신을 지칭하는 기술.,,,,,,,,,,,,
- V2X 통신,," 차량과 다른 모든 요소 간의 통신을 지원하는 기술로, 차량과 인프라, 차량과 차량 간의 정보 교환을 가능하게 한다.",,,,,,,,,,,,
- V2X (Vehicle-to-Everything) ,," 자동차와 외부 환경 간의 통신을 위한 기술로, 교통 안전과 효율성을 향상시키기 위한 다양한 메시지 전송을 포함한다.",,,,,,,,,,,,
- V2X 통신 ,," 차량과 차량, 그리고 차량과 인프라 간의 통신을 의미하며, 자동차의 안전성과 효율성을 높이기 위해 이용된다.",,,,,,,,,,,,
- V2X 기술,," 차량과 주변 인프라 간의 통신 기술로, 다양한 정보를 교환하여 운전 안전성을 향상시킨다.",,,,,,,,,,,,
- 자율주행 자동차,, 현재의 운전자가 없이 스스로 주행할 수 있는 자동차 기술.,,,,,,,,,,,,
- 자율 주행차(SDV),," 자율 주행 기능을 갖춘 차량으로, 운전자의 개입 없이 자동으로 주행할 수 있는 기술을 포함한다.",,,,,,,,,,,,
- 백엔드 시스템,, 자율 주행차가 원활하고 안전하게 구동되도록 하는 시스템.,,,,,,,,,,,,
- 레벨 3 자동화,," 특정 조건에서 차량이 자율적으로 주행할 수 있지만, 운전자가 필요할 경우 제어권을 넘겨받아야 하는 시스템.",,,,,,,,,,,,
- PPP-RTK,," 정밀 지점 위치를 실시간으로 계산하기 위한 기술로, 상태 공간 표현을 이용하여 RTK 네트워크 내에서 정밀한 위치를 제공합니다.",,,,,,,,,,,,
- LiDAR (Light Detection and Ranging) ,, 레이저를 사용하여 물체까지의 거리와 형태를 측정하는 원격 탐지 기술.,,,,,,,,,,,,
- 3D LiDAR,, 3차원 레이저 스캐너 기술을 사용하여 물체의 위치와 형상을 탐지하는 기술.,,,,,,,,,,,,
- 스테레오 대응 알고리즘,, 두 개의 이미지에서 깊이 정보를 추출하기 위한 알고리즘의 분류 및 평가를 포함한다.,,,,,,,,,,,,
- 패턴 인식 ,," 데이터에서 패턴을 인식하고 해석하는 기술로, 특히 이미지 및 비디오에서 중요함.",,,,,,,,,,,,
- 자율 주행 로봇,, 자율적으로 이동하고 작업을 수행하는 로봇 기술.,,,,,,,,,,,,
- 경로 계획(Path Planning),, 로봇이나 차량이 목적지에 도달하기 위한 최적 경로를 찾는 알고리즘이나 기술.,,,,,,,,,,,,
- 자율주행 ,, 차량이 스스로 주행할 수 있도록 하는 기술.,,,,,,,,,,,,
- 지능형 교통 시스템 (ITS),, 차량 간 통신을 위한 기술 및 서비스.,,,,,,,,,,,,
- 커넥티드 차 (Connected Vehicles),," 차량 간의 통신 및 상호작용이 가능한 차량으로, 안전성과 효율성을 늘리기 위한 기술이다.",,,,,,,,,,,,



